stable,volatile,p,p_bh
KMB,APA,0.0004530113063919539,0.0519741383629164
PEP,APA,0.0004940880020180115,0.0519741383629164
WMT,SHOP,0.0006929885115055521,0.0519741383629164
COST,APA,0.0013751300443190183,0.07550470042066651
XEL,APA,0.001677882231570367,0.07550470042066651
COST,CVNA,0.005252361756282001,0.15054239545066062
PEP,ROKU,0.005396241906334577,0.15054239545066062
PG,APA,0.0055373405479218615,0.15054239545066062
KO,APA,0.006846473480053688,0.15054239545066062
RSG,ROKU,0.007213075251210337,0.15054239545066062
CL,APA,0.007359850444254519,0.15054239545066062
VZ,APA,0.01365058076276755,0.2559483893018915
AEP,APA,0.015178744487370052,0.2627090392044817
VZ,TWLO,0.016735770223990438,0.2689677357427035
RSG,APA,0.020398683972470823,0.2827208278692732
WMT,ROKU,0.021308398081622142,0.2827208278692732
JNJ,AMD,0.021361129216789534,0.2827208278692732
XEL,AMD,0.03318633832299029,0.37078320686785204
RSG,ETSY,0.03967068963461417,0.37078320686785204
JNJ,ROKU,0.03993683309139427,0.37078320686785204
JNJ,APA,0.0405714687654771,0.37078320686785204
AEP,AMD,0.04072631710906442,0.37078320686785204
COST,ROKU,0.04096044980758581,0.37078320686785204
BRK-B,ROKU,0.04250739931941065,0.37078320686785204
AEP,MARA,0.042844701898792,0.37078320686785204
VZ,AMD,0.04284605946028512,0.37078320686785204
PEP,AMD,0.0504105309693437,0.41445346263017124
VZ,ETSY,0.051576430905087976,0.41445346263017124
WMT,APA,0.06213564286304696,0.44796532510358644
PEP,SHOP,0.063539006301305,0.44796532510358644
COST,ETSY,0.06400910786236903,0.44796532510358644
WMT,CVNA,0.06492072617891168,0.44796532510358644
WM,ETSY,0.06570158101519268,0.44796532510358644
CL,TSLA,0.069721240028439,0.45183725647609196
BRK-B,APA,0.07028579545183652,0.45183725647609196
COST,SHOP,0.08004542727165798,0.49133161688920424
XEL,W,0.08083178227982224,0.49133161688920424
VZ,SHOP,0.08487001644642073,0.49133161688920424
WMT,ETSY,0.0871615320314244,0.49133161688920424
XEL,ETSY,0.09054706635023702,0.49133161688920424
KO,AMD,0.09188523413728827,0.49133161688920424
PEP,ETSY,0.09300205091574071,0.49133161688920424
KO,ROKU,0.09389893122771459,0.49133161688920424
KO,ETSY,0.09697725175580052,0.4959064010239799
VZ,CVNA,0.10058631338253315,0.4977252016768812
BRK-B,AMD,0.103501690572942,0.4977252016768812
JNJ,CVNA,0.10396926435028186,0.4977252016768812
RSG,AMD,0.11123477260418041,0.5214129965820956
JNJ,SHOP,0.1157056915730802,0.5244667498231596
BRK-B,CVNA,0.11654816662736878,0.5244667498231596
JNJ,ETSY,0.12681201863041802,0.5523306411774063
XEL,ROKU,0.12820328445258017,0.5523306411774063
CL,AMD,0.13076466149180282,0.5523306411774063
WM,APA,0.1351428106944242,0.5523306411774063
XEL,SHOP,0.13733841841532785,0.5523306411774063
RSG,W,0.13746895958193223,0.5523306411774063
CL,ROKU,0.144102303349545,0.5688248816429408
VZ,ROKU,0.1516443318872296,0.572450188414431
KO,W,0.15413336208726064,0.572450188414431
WM,W,0.15460326070909525,0.572450188414431
COST,W,0.15575640836158972,0.572450188414431
PG,ROKU,0.15774182969642098,0.572450188414431
BRK-B,MARA,0.16446388050508548,0.5873710018038767
JNJ,MARA,0.17266007304077086,0.60700806928396
KO,SHOP,0.17689263010453193,0.6081001336569496
GIS,APA,0.17837603920603856,0.6081001336569496
RSG,SHOP,0.1823109230652099,0.6122381744727199
BRK-B,TWLO,0.18791320856983545,0.6134371684336065
BRK-B,ETSY,0.18870862674743266,0.6134371684336065
KO,MARA,0.19084711906823315,0.6134371684336065
KMB,MARA,0.2006911461588312,0.6221726851759356
BRK-B,W,0.20250608268019465,0.6221726851759356
KMB,ROKU,0.20310500137611437,0.6221726851759356
AEP,ETSY,0.20462568312452994,0.6221726851759356
VZ,W,0.21112082563799517,0.6333624769139855
CL,SHOP,0.21446509378891687,0.634929553980346
PEP,TWLO,0.225483181116634,0.6583482338470699
CL,SEDG,0.23278267491129218,0.6583482338470699
JNJ,TWLO,0.23342348005091407,0.6583482338470699
VZ,MARA,0.23407937203451373,0.6583482338470699
RSG,CVNA,0.24358121593152277,0.6689847423036931
JNJ,W,0.24380777275067927,0.6689847423036931
KO,SEDG,0.25648621892937573,0.690616260701227
WM,ROKU,0.25841895645077206,0.690616260701227
VZ,SEDG,0.26089947626490795,0.690616260701227
AEP,W,0.268051566158678,0.7012977021593318
WMT,SEDG,0.279813550926838,0.7236557351556155
PEP,SEDG,0.2840085882098494,0.7261583221274559
KMB,SEDG,0.2900704906363061,0.7333242740805491
WM,AMD,0.2989650008080641,0.7345352552981805
RSG,MARA,0.30241726481356535,0.7345352552981805
PEP,MARA,0.3059644632801656,0.7345352552981805
KO,TWLO,0.30803467806926066,0.7345352552981805
KMB,AMD,0.3123645716306753,0.7345352552981805
AEP,ROKU,0.31542534595728566,0.7345352552981805
AEP,SHOP,0.32452406318650096,0.7345352552981805
KO,CVNA,0.3298510412170038,0.7345352552981805
WMT,AMD,0.33159685464356126,0.7345352552981805
BRK-B,SHOP,0.3330248957032259,0.7345352552981805
CL,PLUG,0.3370714356594392,0.7345352552981805
PEP,W,0.3388788151472685,0.7345352552981805
COST,SEDG,0.34004962120249604,0.7345352552981805
RSG,TWLO,0.34115507506264736,0.7345352552981805
KMB,ETSY,0.3417776720385577,0.7345352552981805
PEP,CVNA,0.34278311913915094,0.7345352552981805
WM,SHOP,0.3569755321317408,0.7533626712090588
KMB,W,0.3582658036416413,0.7533626712090588
WM,MARA,0.36843382896704335,0.7675704770146737
KMB,SHOP,0.3766308773134981,0.777449058674652
AEP,ENPH,0.3910950958301658,0.7925315153328578
XEL,MARA,0.3930096388584289,0.7925315153328578
GIS,ROKU,0.39509920895357087,0.7925315153328578
XEL,CVNA,0.3993178682760048,0.7925315153328578
COST,TWLO,0.40154930110198134,0.7925315153328578
COST,AMD,0.4076339558868693,0.7974389806762917
AEP,CVNA,0.4115822581509577,0.7974389806762917
KMB,ENPH,0.4167100729131959,0.7974389806762917
GIS,TSLA,0.41821244319912193,0.7974389806762917
XEL,TWLO,0.4266709821507132,0.800511277083809
WMT,W,0.42693934777803144,0.800511277083809
GIS,PLUG,0.4310019178531641,0.8014498472476191
WMT,TWLO,0.44633595286761407,0.8211148912758218
RSG,ENPH,0.4488761405641159,0.8211148912758218
JNJ,SEDG,0.4530624514944605,0.8220891256955937
GIS,AMD,0.4664053661688565,0.8339310315214942
CL,W,0.47251128633562184,0.8339310315214942
XEL,ENPH,0.47430928681968465,0.8339310315214942
BRK-B,SEDG,0.4744140979322278,0.8339310315214942
GIS,CVNA,0.489443231843963,0.8434426727487906
BRK-B,ENPH,0.490519894485915,0.8434426727487906
CL,ENPH,0.4910710672448514,0.8434426727487906
VZ,ENPH,0.4980365540091476,0.8440826384629374
PG,ETSY,0.5008778037642806,0.8440826384629374
XEL,SEDG,0.5041453390481804,0.8440826384629374
KMB,PLUG,0.5064495830777624,0.8440826384629374
PG,SHOP,0.5238863169681599,0.8443357253949432
WM,TWLO,0.5270999092548742,0.8443357253949432
GIS,ENPH,0.5289706312184868,0.8443357253949432
CL,MARA,0.5306610218188177,0.8443357253949432
AEP,PLUG,0.5372041853537401,0.8443357253949432
PG,AMD,0.5388054136840988,0.8443357253949432
CL,ETSY,0.5393591458688488,0.8443357253949432
PEP,ENPH,0.5419893039335727,0.8443357253949432
KO,ENPH,0.5537331952285194,0.8443357253949432
GIS,TWLO,0.5585391901504143,0.8443357253949432
WM,CVNA,0.56135142888718,0.8443357253949432
WM,ENPH,0.5628246774304922,0.8443357253949432
GIS,W,0.5731937664795944,0.8443357253949432
RSG,SEDG,0.578799887141844,0.8443357253949432
BRK-B,RIOT,0.5792185507439384,0.8443357253949432
CL,CVNA,0.5859264669931574,0.8443357253949432
GIS,MARA,0.5864918293959465,0.8443357253949432
KMB,TWLO,0.588097994786819,0.8443357253949432
PEP,PLUG,0.5906231907572366,0.8443357253949432
KMB,TSLA,0.5958108059164773,0.8443357253949432
PG,CVNA,0.6036916728952391,0.8443357253949432
XEL,PLUG,0.6054072179911859,0.8443357253949432
CL,TWLO,0.6060531325028347,0.8443357253949432
PEP,TSLA,0.6065789947581444,0.8443357253949432
COST,ENPH,0.6075679425665325,0.8443357253949432
KMB,CVNA,0.6087201617984946,0.8443357253949432
GIS,SEDG,0.6094265797615921,0.8443357253949432
PG,TWLO,0.6119458415491614,0.8443357253949432
GIS,FCX,0.6154269287323142,0.8443357253949432
AEP,TWLO,0.6266606843616707,0.8545372968568237
BRK-B,PLUG,0.6334809882867364,0.8586338696657572
RSG,PLUG,0.6493418987199552,0.8700695939088925
BRK-B,TSLA,0.6548825419800066,0.8700695939088925
WMT,ENPH,0.6559994429706498,0.8700695939088925
VZ,TSLA,0.6620820954691063,0.8700695939088925
JNJ,ENPH,0.6644490216950258,0.8700695939088925
KO,TSLA,0.6651198673436868,0.8700695939088925
AEP,SEDG,0.6768435067675259,0.8764807061670408
GIS,SHOP,0.6794501605664387,0.8764807061670408
WMT,TSLA,0.6839189694557847,0.8764807061670408
PG,SEDG,0.6856026857128853,0.8764807061670408
KO,PLUG,0.6920633444072374,0.8772630724606708
VZ,PLUG,0.7035659224758194,0.8772630724606708
JNJ,PLUG,0.7048754405895775,0.8772630724606708
PG,W,0.7065918593740053,0.8772630724606708
PG,ENPH,0.7086318515859311,0.8772630724606708
GIS,ETSY,0.7096083519459648,0.8772630724606708
KMB,RIOT,0.7281132857194111,0.877732509564527
PG,PLUG,0.7287816911880305,0.877732509564527
WM,SEDG,0.7319045603844901,0.877732509564527
JNJ,TSLA,0.7334624378503614,0.877732509564527
AEP,TSLA,0.7369687779217114,0.877732509564527
JNJ,RIOT,0.7369906472350007,0.877732509564527
COST,PLUG,0.7409862401657505,0.877732509564527
WM,PLUG,0.741196341410045,0.877732509564527
WMT,PLUG,0.7733789821538077,0.9090185871821808
AEP,RIOT,0.7756958610621276,0.9090185871821808
XEL,TSLA,0.7828114489691347,0.9126040208189394
VZ,RIOT,0.7925129097788988,0.9191515706198569
GIS,RIOT,0.8082676503302848,0.9298291964685115
WM,RIOT,0.8099845444792366,0.9298291964685115
PG,TSLA,0.8225482689610188,0.9394586828234988
COST,TSLA,0.8326574105005131,0.94540793664629
KMB,FCX,0.836546146324901,0.94540793664629
RSG,RIOT,0.8406553814634061,0.94540793664629
BRK-B,FCX,0.844564423404019,0.94540793664629
AEP,FCX,0.8567953758892151,0.9543512850251158
RSG,TSLA,0.86237754755711,0.9558371832529544
CL,FCX,0.8704016402451626,0.9600018090939294
VZ,FCX,0.8852973288784991,0.9677275691106452
CL,RIOT,0.886008352163524,0.9677275691106452
WM,TSLA,0.8915594139237162,0.9690863194823002
KO,FCX,0.9076903042247217,0.9818765310123192
KO,RIOT,0.9243435948859092,0.9927313133530012
WMT,MARA,0.9386950595234621,0.9927313133530012
PG,MARA,0.940473280131803,0.9927313133530012
JNJ,FCX,0.9439727988448156,0.9927313133530012
COST,MARA,0.9491369244988941,0.9927313133530012
PEP,RIOT,0.9508173253656141,0.9927313133530012
PEP,FCX,0.960262580693596,0.9927313133530012
XEL,RIOT,0.9625249846842292,0.9927313133530012
RSG,FCX,0.9679838575547157,0.9927313133530012
WM,FCX,0.9683582456671775,0.9927313133530012
XEL,FCX,0.9694699995419808,0.9927313133530012
WMT,RIOT,0.9811359870069418,0.9927313133530012
PG,RIOT,0.9877195555693393,0.9927313133530012
PG,FCX,0.9900934582620484,0.9927313133530012
COST,RIOT,0.9911622884625182,0.9927313133530012
COST,FCX,0.991716189914799,0.9927313133530012
WMT,FCX,0.9927313133530012,0.9927313133530012
