method,component,train_ar1,test_ar1
PCA,0,-0.1462208975044014,-0.010118460946726474
PCA,1,0.05043274804467466,-0.02108121007062357
PCA,2,0.08417074533442796,-0.00940787301028265
PCA,3,0.13661614534023406,-0.03226707681203087
PCA,4,0.025520634277297734,-0.007604371440378186
PCA,5,0.0005396368782757692,-0.0019478434518120263
PCA,6,-0.00878788698091327,0.0019586852566081288
PCA,7,0.03678744578176935,-0.037175688252754704
PCA,8,-0.04020090409951112,-0.006994859838032595
PCA,9,0.0025713710990358015,-0.05438480787726615
PCA,10,-0.012374365783162169,0.030447544788030488
PCA,11,0.008213313661286253,-0.02252410240206876
PCA,12,-0.07491398424574333,-0.03242944627309345
PCA,13,0.03113288521158784,-0.04990008700077157
PCA,14,0.06088084767761012,-0.006393613949298391
PCA,15,-0.1667494704991311,0.019333910654417967
PCA,16,-0.01618308094041746,-0.006290066732662095
PCA,17,0.039387858167876724,0.0037967432433230904
PCA,18,-0.09224604529889953,-0.029588507722034422
PCA,19,0.017947412166820744,-0.025641914657418295
ICA,0,-0.04366988351669052,0.02616102762644143
ICA,1,-0.0159682014655977,0.023683438214689583
ICA,2,-0.03020471535325386,-0.04179963326848173
ICA,3,0.09088904771118378,0.0004226054141924022
ICA,4,0.07174987760415592,0.06587884726726313
ICA,5,-0.006939984259603223,-0.012020312776346954
ICA,6,0.043959593496595034,0.003656997070764033
ICA,7,-0.031098753484121253,0.009092436122903953
ICA,8,-0.00680556387054094,-0.015238118988609153
ICA,9,0.07402619547007894,-0.03847349470598104
ICA,10,-0.02001766052452247,-0.022112038301258036
ICA,11,-0.06107498385812071,-0.06915496248593356
ICA,12,-0.02791902110536703,-0.03452007604256806
ICA,13,0.06990892540140575,-0.02868879715216296
ICA,14,-0.10107572172315002,-0.0019417023196879163
ICA,15,0.040640043997360965,-0.0279199296702471
ICA,16,0.07673976387384329,-0.06308331986135415
ICA,17,-0.20951370635190578,-0.01834064208521681
ICA,18,-0.04831989299256708,-0.035195994238883664
ICA,19,0.11082080292095377,0.02437239010810608
Box-Tiao,0,-0.2091566768184355,-0.04323351710704192
Box-Tiao,1,0.06259403040931237,-0.06144574816176716
Box-Tiao,2,-0.2241007315232395,-0.049827506754542485
Box-Tiao,3,0.1744131565158466,-0.057692954816224426
Box-Tiao,4,-0.006517941410345496,0.013654677038687758
Box-Tiao,5,0.09322873235080445,0.03480804686597568
Box-Tiao,6,-0.02198955204259632,-0.037488701929060605
Box-Tiao,7,-0.01576806974031609,-0.024560561736037725
Box-Tiao,8,0.06350309289335282,0.012001209165431717
Box-Tiao,9,0.007098613879522321,-0.06328492769579076
Box-Tiao,10,0.021206016024193256,-0.0031395313197714486
Box-Tiao,11,0.05896574571485365,-0.03344874102487112
Box-Tiao,12,-0.04339377604468966,-0.038601864738760774
Box-Tiao,13,-0.029454752002228676,0.00844079402207024
Box-Tiao,14,-0.009126603717746191,-0.02159918133642694
Box-Tiao,15,-0.010146593414831503,-0.022773551204493096
Box-Tiao,16,0.001405205128849323,0.00717517215504724
Box-Tiao,17,0.03910883996406707,-0.00037795740804767556
Box-Tiao,18,0.0024268807831566916,0.016285470382327954
Box-Tiao,19,-0.015702229489242728,0.019699243236279227
