leader,follower,train_r,train_p,test_r,train_p_bh
VZ,TSLA,-0.04486654476643087,0.05978133809984721,0.03000540243315165,0.14676856282400966
TSLA,VZ,-0.04080270914528718,0.08694220335867796,-0.013291766790797443,0.17946785096974807
VZ,FCX,-0.06355427281275151,0.007634692004854078,-0.00674664219647003,0.040598832229148396
FCX,VZ,-0.0307778295633781,0.19671827587665255,0.06689082655834312,0.32073631936410746
VZ,SHOP,-0.07999308257527593,0.002601952635181311,0.011569161586446927,0.019194732554616227
SHOP,VZ,-0.017509435154640148,0.5106160217841597,0.05395931579022216,0.6418357815722677
VZ,APA,-0.007025995408031551,0.7682726803288404,-0.046013171831313704,0.8473595738921035
APA,VZ,-0.010293656569476771,0.6659809074438093,0.06606997785563422,0.7645188988513117
VZ,ETSY,-0.048977052851147694,0.06325380902969564,0.028967959124649438,0.15180533938595125
ETSY,VZ,-0.004581702368160009,0.862185787362709,-0.004898665037424881,0.910759634538073
VZ,AMD,-0.08162565385199103,0.0006065883487430248,0.03646791541242337,0.007377425863090843
AMD,VZ,-0.02100479009513398,0.3783600403669416,0.03973448301358098,0.5271269912232933
VZ,TWLO,-0.08824936303212791,0.002874200289679105,0.020605475605502018,0.020530002069136463
TWLO,VZ,0.012739410629921299,0.6677051603091103,0.005138489865921219,0.7645478934837141
VZ,SEDG,-0.06761651538470582,0.009932940442206434,0.021610958886437787,0.04608065153600923
SEDG,VZ,-0.016178883126416074,0.5378894900076646,0.023426656779891333,0.6611654792301687
VZ,W,-0.041279479499184736,0.10171738698002505,0.06647732410981286,0.2007580006184705
W,VZ,-0.06250640579656006,0.013184918955300799,0.03579504015922411,0.05545059373724635
VZ,ROKU,-0.08660233473096761,0.013109061965969114,-0.0007071139924183986,0.05545059373724635
ROKU,VZ,-0.033865674859000966,0.33305872283040727,0.02854937662540794,0.480373157928472
VZ,CVNA,-0.1683450100145758,2.5679344137456093e-07,0.01827343142440139,2.9814781474387662e-05
CVNA,VZ,-0.016519560307397284,0.615823915896012,0.027861120736223988,0.7270440562469687
VZ,PLUG,-0.06026555284497287,0.011422402594367458,0.010107469298115634,0.05039295262220938
PLUG,VZ,-0.005168268618550479,0.828418711692613,-0.003219975133588711,0.8993071882571516
VZ,ENPH,-0.07533956172250891,0.0015571198182345006,0.03211294064189853,0.014014078364110507
ENPH,VZ,-0.002888388978198493,0.9035933554465881,0.009381075528188385,0.9326078209884511
VZ,RIOT,-0.019608400250184774,0.4977429540064983,-0.014027985401679495,0.6315700723612507
RIOT,VZ,-0.01446189558130466,0.6171796210807601,0.040884423176139814,0.7270440562469687
VZ,MARA,-0.014078803231911925,0.5550240186579152,-0.010157461806524007,0.6732097261349376
MARA,VZ,-0.025498479742650876,0.2850088088210763,0.04053016525281026,0.42328040914021237
RSG,TSLA,-0.029400928636680725,0.21750897415718237,0.016515084531173032,0.34708878854869524
TSLA,RSG,-0.055095029338712576,0.02077011872963012,0.024906301700200844,0.0753754308736577
RSG,FCX,-0.09834310908354381,3.56517972470294e-05,-0.049790072180801656,0.0014473929465404045
FCX,RSG,-0.017679176580343688,0.4584358489362645,0.046242386401213816,0.5979598029603449
RSG,SHOP,-0.10869415946048148,4.181357401116724e-05,-0.0028471614149454725,0.0014473929465404045
SHOP,RSG,-0.022190318170634462,0.40439848857468746,0.04595222477654917,0.5528294730491092
RSG,APA,-0.04943224804739676,0.038062285646415554,-0.05465934471814086,0.1126843982953092
APA,RSG,0.015629417389848674,0.512177152549667,0.008549087848041367,0.6420047873185241
RSG,ETSY,-0.05363122221408483,0.041936364564854466,0.03227837506516875,0.11894321747146273
ETSY,RSG,0.020932158832507455,0.42768204235411905,0.007376876324365014,0.5712532775119982
RSG,AMD,-0.0648286927698696,0.006500209300147556,0.01943359122834341,0.03720002649011193
AMD,RSG,-0.06766465679154735,0.004500929471589756,-0.007222673797743458,0.02774545564678617
RSG,TWLO,-0.09030665225314938,0.0022834317874454186,-0.009533505995700617,0.018078528706255242
TWLO,RSG,-0.02574266378883287,0.3856138859449099,-0.0024519033602424644,0.5322891063656732
RSG,SEDG,-0.06992022482174999,0.007671279986364811,0.046073573142810124,0.040598832229148396
SEDG,RSG,0.028673847899879437,0.2748753581238297,0.024321245182268567,0.41369201055425875
RSG,W,-0.09854181749461556,9.051765007438541e-05,-0.011776373338667292,0.002190788122183986
W,RSG,-0.045524732632923115,0.07115529288863241,-0.013536325050772319,0.16009940899942293
RSG,ROKU,-0.1447836814309213,3.160318782969341e-05,0.00081950891078345,0.0014473929465404045
ROKU,RSG,-0.006384830692778468,0.85523351953626,0.038507836375533795,0.9086615294352847
RSG,CVNA,-0.17663072294361162,6.293724174437683e-08,0.00919566756289385,1.4160879392484787e-05
CVNA,RSG,0.019306194279700314,0.5575827873946707,0.041486153575380984,0.6744953073322629
RSG,PLUG,-0.06931566084982795,0.0036117850044870017,0.012201106159499623,0.02444897585818372
PLUG,RSG,0.0023982429673517183,0.9198924468587273,0.01271680962266117,0.9429421437048457
RSG,ENPH,-0.06246720611211504,0.00873922494048922,0.003954573539634014,0.04268831654271212
ENPH,RSG,0.018746081710962276,0.4317642986461676,0.03134529422026526,0.573138449530311
RSG,RIOT,-0.0838478813168529,0.0036814566115755992,-0.03556012683039742,0.02444897585818372
RIOT,RSG,-0.08348414233941706,0.0038476730041239935,0.05659389578549648,0.0247350407407971
RSG,MARA,-0.06369737223676257,0.007516035901535592,-0.019840511142756596,0.040598832229148396
MARA,RSG,-0.04822391889790747,0.04308897703858096,0.05030408571417208,0.11969160288494711
PG,TSLA,-0.01716447217792945,0.47162589618168727,0.03381526670445945,0.6098610726487336
TSLA,PG,-0.07792456832243032,0.0010652435830953225,-0.019623191558245087,0.01042086113897598
PG,FCX,-0.07755445602636478,0.0011255210554392315,-0.04052291790873088,0.010776265424418174
FCX,PG,-0.08691654408001578,0.0002604981256417755,0.017999405647116315,0.00488433985578329
PG,SHOP,-0.06452625711586991,0.015197582704039087,-0.00706602221836761,0.0627423139157577
SHOP,PG,-0.046491409198441386,0.08052911000981075,0.003559608812921096,0.17422163223276366
PG,APA,-0.07899607049029403,0.0009071497881011472,-0.039941755045681204,0.009642082528376283
APA,PG,-0.0828438543005972,0.0005014201632889065,0.022470173407489292,0.006837547681212362
PG,ETSY,-0.004081936312378762,0.8770492507204604,0.020349012115406642,0.9157126747661419
ETSY,PG,-0.005000926006982645,0.8497195761987925,0.002291917471644735,0.9082513284785192
PG,AMD,-0.04650127608899339,0.05104967367659528,0.020020765504541318,0.1327881685229357
AMD,PG,-0.0447691919986876,0.060338186938759523,0.017693057638976634,0.14676856282400966
PG,TWLO,-0.06348359023187669,0.032167654445690676,0.00463213921192344,0.10194148875403393
TWLO,PG,-0.003404390332277225,0.9086680954266054,-0.03405567652205786,0.9350522388493606
PG,SEDG,-0.047727435334635616,0.06894859468834562,-0.0029113919834800363,0.15679024766987948
SEDG,PG,-0.02202346313248616,0.40170188394875045,0.04615029504176334,0.5528007577276383
PG,W,-0.0468138590058294,0.06342089734346408,-0.00026368532106922806,0.15180533938595125
W,PG,-0.09848444680212583,9.185337798451548e-05,-0.03457381393769295,0.002190788122183986
PG,ROKU,-0.05078436542831831,0.1462342657570016,-0.014837972765514169,0.26481425523183344
ROKU,PG,-0.060477635918878045,0.08368394852801654,0.003359577426433938,0.1743415594333678
PG,CVNA,-0.11848143668815445,0.0003023435725307169,-0.006974248080655574,0.005039059542178616
CVNA,PG,-0.0572861851237767,0.08161952266983354,0.01845098060279217,0.1743415594333678
PG,PLUG,-0.04651072981422956,0.051002462010967115,0.015459215692782954,0.1327881685229357
PLUG,PG,-0.019181428373946777,0.421144578883348,-0.05300967518001485,0.5657165985000197
PG,ENPH,-0.044770744270417454,0.060329274500528766,-0.018482172569043206,0.14676856282400966
ENPH,PG,-0.01975621571032734,0.407360582384017,0.005704714187694247,0.5538134805825005
PG,RIOT,-0.02940930765870542,0.3091171093052353,0.004492322417076454,0.4560744235651012
RIOT,PG,-0.06542474954571119,0.02359838089158592,-0.010973081986907057,0.08106314046727987
PG,MARA,-0.026390726336903342,0.268484545070448,0.002009091509189138,0.40744338966287974
MARA,PG,-0.06587029678785283,0.005701826376901112,-0.004456808014428819,0.03332236194292858
KO,TSLA,0.005100172948971912,0.8306449585668484,0.006228332371738554,0.8993071882571516
TSLA,KO,-0.031085795762398775,0.19227396244544157,-0.039341611807802504,0.314630120365268
KO,FCX,-0.0421232851373473,0.07719438020969124,-0.04386825668486307,0.1702817210507895
FCX,KO,0.00173646262247238,0.9419511851562552,0.025850748071790844,0.9568352896621103
KO,SHOP,-0.05069718258292774,0.056573628248124196,-0.03739702810042278,0.1414340706203105
SHOP,KO,0.015054371839158214,0.5716495197895073,0.024961590027748067,0.6859794237474087
KO,APA,-0.0015211648087538009,0.9491380123439306,-0.017667108401084087,0.9619642016999296
APA,KO,0.010414599713479309,0.662298031159706,0.030760227472908942,0.7641900359535069
KO,ETSY,-0.009408554205633538,0.7213888227618325,0.000494700629963092,0.8126913504151855
ETSY,KO,0.03813212106126416,0.1483805995611561,-0.005490799908225244,0.26481425523183344
KO,AMD,-0.033023841333799264,0.16598667161827435,0.029795307850304688,0.28293182662205857
AMD,KO,-0.004779450975385238,0.841148283174194,-0.053083314748470306,0.9012303034009221
KO,TWLO,-0.0632659566442362,0.03276411255307951,-0.046384121319404,0.10238785172837347
TWLO,KO,0.020774313738970953,0.4838577406827632,-0.03505637291337974,0.622102809449267
KO,SEDG,-0.02115531470980255,0.420358487876744,0.02834588081349129,0.5657165985000197
SEDG,KO,-0.008241348245218737,0.7536938948707178,0.024800178152922646,0.8333224881862973
KO,W,-0.036177922592152384,0.1515198330876526,-0.022233472429082753,0.26530710073713487
W,KO,-0.01709406858719977,0.49823861264054226,-0.024853690498757294,0.6315700723612507
KO,ROKU,-0.05681382075245972,0.10400673780980435,-0.037677418798469954,0.20438005246468105
ROKU,KO,0.0070181185827635755,0.8410571313315295,-0.010088514676280337,0.9012303034009221
KO,CVNA,-0.09998953485520094,0.0023172781873385113,-0.03560198029569046,0.018078528706255242
CVNA,KO,0.055385790026540975,0.09227686306264686,-0.003508560687456908,0.18789406505968817
KO,PLUG,-0.0629641669259817,0.008217700653805437,-0.021261819149984713,0.04155017184508367
PLUG,KO,-0.004339090641734174,0.8556154213125972,-0.032206473349794894,0.9086615294352847
KO,ENPH,-0.028647759158467685,0.2295281157866329,0.0072598706797250495,0.3598872895609227
ENPH,KO,-0.00842825030712908,0.7237582154377473,0.021788695749630358,0.8126913504151855
KO,RIOT,-0.044178134099969193,0.1264505966616192,-0.02187336543231421,0.2351354070154076
RIOT,KO,-0.026547622130326014,0.3587819898965334,-0.010053303921412722,0.5045371732920001
KO,MARA,-0.019661873182733793,0.40973758272904914,-0.028351460637247534,0.5539385827167255
MARA,KO,-0.03442193510562073,0.14888445905256412,-0.012097508037349436,0.26481425523183344
JNJ,TSLA,-0.010636239754472048,0.6555699915755643,0.003250342422861072,0.7603260211572266
TSLA,JNJ,-0.05095888100611377,0.032490523361128155,-0.05765693745915138,0.10224290568187182
JNJ,FCX,-0.06333270204787089,0.007849107564302023,-0.08299020119834775,0.040598832229148396
FCX,JNJ,-0.05907565829336488,0.013157697301598409,0.00679929627455183,0.05545059373724635
JNJ,SHOP,-0.08077317876253645,0.0023603883677646978,-0.011174564962182335,0.018078528706255242
SHOP,JNJ,-0.03565191458789039,0.18028888319932063,-0.0029839027748330012,0.3008149372406275
JNJ,APA,-0.04614477534068618,0.05285689975764555,-0.05218990256310305,0.13514548233488918
APA,JNJ,-0.06914732088760486,0.0036945119074588734,0.02283313618208773,0.02444897585818372
JNJ,ETSY,-0.017095330482231746,0.5169974382036523,-0.011871990456533196,0.6462467977545653
ETSY,JNJ,-0.03533659738685918,0.1804889623443765,-0.010582028004712191,0.3008149372406275
JNJ,AMD,-0.04411628914544475,0.06418473378151424,0.014524773890965268,0.15282079471789103
AMD,JNJ,-0.018782290686400315,0.43087515905937346,-0.015206279184726071,0.573138449530311
JNJ,TWLO,-0.07579920445641525,0.010496580789841564,0.010228600994716123,0.04723461355428704
TWLO,JNJ,0.00028562177673218026,0.9923207594484496,-0.023384053933866472,0.9944452618238785
JNJ,SEDG,-0.019831971919749794,0.4500189143539962,0.041911616739529665,0.5904038234964964
SEDG,JNJ,-0.02645193886234983,0.3138086862061279,0.013210394076158755,0.45998015893406374
JNJ,W,-0.06029938874940308,0.016765365601802234,0.005823853152703909,0.06560360452879135
W,JNJ,-0.08271631518455273,0.0010285750107799554,-0.0095995903676726,0.010404574072035664
JNJ,ROKU,-0.05840084698710876,0.09467799160078792,-0.00574081440608407,0.19034661078867607
ROKU,JNJ,-0.027206557415375223,0.43683033479685407,-0.034504232087862415,0.5774962241910384
JNJ,CVNA,-0.13598091146427999,3.300987460091233e-05,-0.0019126299953513076,0.0014473929465404045
CVNA,JNJ,0.022303144070356884,0.4980946736727388,-0.002544075560968273,0.6315700723612507
JNJ,PLUG,-0.033222951141631506,0.16344699405717444,0.03614537268201989,0.2807295699455286
PLUG,JNJ,-0.023200327845221053,0.3305411282187846,-0.021665174672819865,0.4782749443680163
JNJ,ENPH,-0.037642536246445105,0.11431780676877852,0.028952331162124867,0.2161471136384468
ENPH,JNJ,-0.05529343834871702,0.020315113054550048,0.011443250469776924,0.07458609446488405
JNJ,RIOT,-0.06390382616068738,0.0269804918749879,0.008796802728133386,0.09060612943092952
RIOT,JNJ,-0.02687539659313662,0.35287720882679563,-0.003652155019153063,0.4993545407926353
JNJ,MARA,-0.028772385814568018,0.22763959383464843,0.014341398948245864,0.3585482484707853
MARA,JNJ,-0.025657013516900556,0.28202365580076244,0.0002416737303761205,0.42023392420643413
WM,TSLA,-0.04129975349923769,0.08316276187565924,0.010584103657268857,0.1743415594333678
TSLA,WM,-0.0728671586509377,0.002215485058944162,0.01656310915234,0.018078528706255242
WM,FCX,-0.10753726870231581,6.107335475339177e-06,-0.026045084072507534,0.00045805016065043826
FCX,WM,-0.004019295956844501,0.866152389187485,0.05180985683553322,0.9111388141434797
WM,SHOP,-0.09625216588148595,0.0002879682012610257,-0.0024850452774578314,0.004984065021825444
SHOP,WM,-0.04205545650987107,0.1139420390166429,0.05408097576090156,0.2161471136384468
WM,APA,-0.07467731019122933,0.0017130829528657718,-0.0351334106223877,0.01511543781940387
APA,WM,0.0274778321921997,0.24912140876892316,0.008512768608909154,0.38523929191070594
WM,ETSY,-0.02989652697114153,0.2570600673593758,0.022161029341941883,0.39615421339629836
ETSY,WM,0.012711148253900257,0.6300763673201807,0.022922169838687664,0.7402986039009956
WM,AMD,-0.04178461753622732,0.07960517903624575,0.017692848748392564,0.17305473703531685
AMD,WM,-0.06787332336738253,0.0043785467412701395,0.0266816962750597,0.027365917132938372
WM,TWLO,-0.07439377694891472,0.012023800949390316,0.014078162227120805,0.052531169196365454
TWLO,WM,-0.027926380399736602,0.3465901294031139,-0.00039891493132580234,0.4932865457545341
WM,SEDG,-0.051111020821483284,0.05143190416374242,0.05241265216876223,0.133013545251058
SEDG,WM,0.008673644766075694,0.7412248024094327,-0.0013200083554805015,0.8239335876624524
WM,W,-0.08852152328538615,0.000439805503433113,-0.016776269791073824,0.006281647521906726
W,WM,-0.09254812062533044,0.00023844708632433256,-0.0004740464529662589,0.004796410489687619
WM,ROKU,-0.09280636686774041,0.007831320306333073,-0.015153093897486876,0.040598832229148396
ROKU,WM,-0.02716011383587816,0.4376138054425424,0.04653340864264392,0.5774962241910384
WM,CVNA,-0.18633452308526052,1.1123051726346748e-08,0.03025782692652478,5.0053732768560365e-06
CVNA,WM,-0.0006840654926348995,0.9834236171130946,0.0418510263856775,0.992778927615587
WM,PLUG,-0.04837677767893563,0.042372481374540014,0.01461834727748778,0.11917260386589379
PLUG,WM,-0.008368698070609493,0.7256310416077338,0.011656047318508429,0.8126913504151855
WM,ENPH,-0.04985125323514856,0.03645760384114208,0.024850470197696664,0.11085082248995902
ENPH,WM,-0.01607136360730364,0.50031913478021,0.018553019617849876,0.6324258726154339
WM,RIOT,-0.063102489466182,0.02896160164164556,-0.003452006073714894,0.0957333760288179
RIOT,WM,-0.05786685641652735,0.04532291039283294,0.06296796002060162,0.12436164437057819
WM,MARA,-0.044507050443280786,0.06193315182671998,0.006591655457665629,0.1498382705485161
MARA,WM,-0.03431314324637485,0.15017372311506774,0.065258350931332,0.2650796033236534
PEP,TSLA,-0.03137772460388425,0.1881295999131855,-0.022820864439569245,0.31010373612063546
TSLA,PEP,-0.08359696182190236,0.00044517854105014226,-0.030751486254314023,0.006281647521906726
PEP,FCX,-0.057412462975258115,0.015972251124847216,-0.04546727208415798,0.06382089903061136
FCX,PEP,-0.07373102478309904,0.0019609322480400805,0.02936921817333871,0.016791239908650463
PEP,SHOP,-0.07642992631146908,0.004018664496214247,-0.04833210365014298,0.025470408778822694
SHOP,PEP,-0.046189890457293395,0.08251470040482824,0.002256090379170125,0.1743415594333678
PEP,APA,-0.014732657285632807,0.536680973685711,-0.04269093174776355,0.6611654792301687
APA,PEP,-0.050355350083424344,0.03460371296643524,-0.008947306763627674,0.10665527969106753
PEP,ETSY,0.011570971261442914,0.6609744115336407,-0.011722061215619823,0.7641900359535069
ETSY,PEP,-0.01857362812004533,0.48157090115456846,-0.023462296135950474,0.6209366920331112
PEP,AMD,-0.04127616019121117,0.08333910422809722,-0.02156830502042535,0.1743415594333678
AMD,PEP,-0.04679758720230937,0.04958718183413205,-0.0335523182360871,0.1327881685229357
PEP,TWLO,-0.07349027186496156,0.01310656467786578,-0.03140023052672695,0.05545059373724635
TWLO,PEP,-0.02445073319601193,0.40991455121037684,-0.06961093588269078,0.5539385827167255
PEP,SEDG,-0.05733494483619304,0.0288577748376653,-0.02498593421952291,0.0957333760288179
SEDG,PEP,-0.04084815992997796,0.11974785891278901,-0.00421411358139181,0.22546667996131822
PEP,W,-0.04015632705795267,0.11138049896076756,-0.056042787156080735,0.2137468586308429
W,PEP,-0.06527186596151298,0.009635834103880872,-0.0479175212676496,0.04516797236194158
PEP,ROKU,-0.06045855939454073,0.08359247290704892,-0.032606138840262394,0.1743415594333678
ROKU,PEP,-0.04458084142406719,0.20248363021615082,-0.034794948161639416,0.3254201199902424
PEP,CVNA,-0.11755124069361973,0.0003374441951151835,-0.03189644786521738,0.005423210278636878
CVNA,PEP,-0.053070933090642126,0.106735016590269,-0.022082595003859368,0.2087296377973404
PEP,PLUG,-0.08126816666041824,0.0006411410437773306,0.0009962608947869747,0.007592459728942073
PLUG,PEP,-0.01311857473788041,0.582220474493187,-0.021489553209717845,0.6920562033566098
PEP,ENPH,-0.05069034084564119,0.03341674234879306,-0.026798388560616792,0.10370713142728881
ENPH,PEP,-0.05764827514140371,0.015543472703515686,-0.006478831885459745,0.06358693378710963
PEP,RIOT,-0.047678965163099274,0.09904805756080574,-0.024061325594902174,0.1963507749002757
RIOT,PEP,-0.04844431129041121,0.09387662067061775,-0.005541656193709756,0.19029044730530625
PEP,MARA,-0.009379183378497642,0.694165922002956,-0.023270598336264575,0.7908219364590638
MARA,PEP,-0.05200153729798959,0.029145494479884564,-0.003020787269456892,0.0957333760288179
CL,TSLA,-0.006444357064357705,0.7869729084689194,0.024836860672805976,0.8616491698564811
TSLA,CL,-0.07238526846099856,0.002370295985931243,-0.027715998902213348,0.018078528706255242
CL,FCX,-0.06397791257633466,0.007239284039868726,-0.05968192676134191,0.039727778267572275
FCX,CL,-0.06444627823976308,0.006823588183201922,0.027776962797017746,0.03838268353051081
CL,SHOP,-0.04482313367821024,0.0919025944615069,-0.010329727172980828,0.18789406505968817
SHOP,CL,-0.05139197862294703,0.05335085170990319,-0.003479929085733195,0.13563775858449964
CL,APA,-0.04108511329114005,0.0847782093926176,-0.02815659225207346,0.17580734666671852
APA,CL,-0.057925256483983695,0.015052788163809928,0.020561258489446364,0.06271995068254137
CL,ETSY,-0.004011009840550852,0.8791690700756729,0.023742508981765713,0.9158011146621593
ETSY,CL,0.004680842931553917,0.8592344840267688,-0.011771564623639132,0.9097776889695199
CL,AMD,-0.056460748370187254,0.017810131020687094,0.001428177768767645,0.06909102551128614
AMD,CL,-0.014757655225373366,0.5359900106269359,0.010823579231448388,0.6611654792301687
CL,TWLO,-0.06152841479221742,0.037874134657787335,-0.014538362998543762,0.1126843982953092
TWLO,CL,-0.037962533163759526,0.20065358655933152,-0.05655591347326467,0.32363481703117986
CL,SEDG,-0.06299692868932673,0.01632127529666906,0.01728659201703958,0.06442608669737787
SEDG,CL,-0.0218505798467147,0.4054082802360134,0.02937987984249685,0.5528294730491092
CL,W,-0.05129236040899702,0.041948434650313796,-0.020610535534023755,0.11894321747146273
W,CL,-0.08844597466490967,0.00044669493489114494,-0.027857841923693744,0.006281647521906726
CL,ROKU,-0.034638466445977935,0.3218423841328293,-0.008355441947970225,0.4687025011643145
ROKU,CL,-0.09041569163040294,0.009628740606912559,-0.0059393129221198835,0.04516797236194158
CL,CVNA,-0.12918940260630507,8.064078185367475e-05,-0.031622097574195686,0.002190788122183986
CVNA,CL,-0.08842632662951884,0.007123432859875656,0.02857084039507536,0.0395746269993092
CL,PLUG,-0.05581597116957101,0.019158137952074918,-0.008978243855588255,0.07184301732028094
PLUG,CL,-0.011197646647677504,0.6386535885077127,-0.019437555889945567,0.7464782203336902
CL,ENPH,-0.04885720030515529,0.04036196686172599,0.0032140879221748066,0.11717990379210771
ENPH,CL,-0.033852541935491615,0.15560898932902045,-0.010916918414066884,0.27141102789945426
CL,RIOT,-0.046571947311126405,0.10714788073596808,-0.020747796167242354,0.2087296377973404
RIOT,CL,-0.05719967656349263,0.04786906528662291,0.002652620421070155,0.12976553842759223
CL,MARA,-0.014877383721608482,0.5328033688644043,-0.02436026059676677,0.6605000440467822
MARA,CL,-0.062408259374196466,0.008822252085493839,0.002061495964290409,0.04268831654271212
BRK-B,TSLA,-0.05571375132788557,0.019379832561178412,0.01143216650569581,0.07207375745892798
TSLA,BRK-B,-0.0865991591785099,0.0002744150966003405,-0.03408997527108743,0.004939471738806129
BRK-B,FCX,-0.07148465139969565,0.00268642796768658,-0.028615245894067703,0.0194982675074026
FCX,BRK-B,-0.026582785165760396,0.2648795127774497,0.06885488242679745,0.4040534940672961
BRK-B,SHOP,-0.0973455568673781,0.00024514986947292276,0.023314054681372397,0.004796410489687619
SHOP,BRK-B,-0.04261971239305346,0.10916716310068712,0.051239628344335326,0.21174665256598796
BRK-B,APA,-0.039828616849598306,0.09475031292591875,-0.031265592188901445,0.19034661078867607
APA,BRK-B,-0.010311191461355564,0.6654464454049575,0.02596540719770533,0.7645188988513117
BRK-B,ETSY,-0.061801532260985136,0.01904786448946855,-0.0007680408458227277,0.07184301732028094
ETSY,BRK-B,-0.04803507536842261,0.06860627217340382,0.04572625169873168,0.15679024766987948
BRK-B,AMD,-0.07367127619316655,0.001977634922574388,-0.009650954700236672,0.016791239908650463
AMD,BRK-B,-0.0559019573385842,0.018973369442779713,0.014442195567028467,0.07184301732028094
BRK-B,TWLO,-0.11885131241758107,5.795721319706905e-05,0.03248601499890747,0.0018629104241915052
TWLO,BRK-B,-0.006031757065718412,0.8389356732430664,0.01355257512314374,0.9012303034009221
BRK-B,SEDG,-0.047510649734263534,0.07022045201632905,-0.002874833205032363,0.15878996687109584
SEDG,BRK-B,-0.051630134808207606,0.049184368910475604,0.031280096090650134,0.13253273059708995
BRK-B,W,-0.06674782657639622,0.008093626264486904,-0.013540655970590275,0.041387861579762576
W,BRK-B,-0.08700288866576934,0.000553698811894042,0.052561857143495413,0.006921235148675525
BRK-B,ROKU,-0.14732722711300283,2.2803665438872606e-05,0.00745898636800903,0.001282706180936584
ROKU,BRK-B,-0.03290857632025519,0.34690998984851584,0.035051674661166474,0.4932865457545341
BRK-B,CVNA,-0.13005247400807682,7.215933292054297e-05,0.04092679403001567,0.002164779987616289
CVNA,BRK-B,-0.03467602459573504,0.292102326131526,0.044820905213992,0.43238831170785097
BRK-B,PLUG,-0.04366882701494391,0.06693604097243692,-0.010265613426847151,0.15669718769414398
PLUG,BRK-B,-0.024145526204684388,0.31121419914332693,0.05411587427727439,0.4576679399166572
BRK-B,ENPH,-0.04667199372368842,0.050202724631423515,-0.03411974347390454,0.1327881685229357
ENPH,BRK-B,-0.06275171593955807,0.008437148138078663,0.02766713465436806,0.04218574069039331
BRK-B,RIOT,-0.05006731921361245,0.08323541590162697,0.0031517812834993917,0.1743415594333678
RIOT,BRK-B,-0.0621485189235792,0.03155306728673277,0.032224002583696204,0.10161144853136425
BRK-B,MARA,-0.023213547615673662,0.33040311808518424,-0.013697587450495522,0.4782749443680163
MARA,BRK-B,-0.04187779004035413,0.07902112544704563,0.039708445108961786,0.17261896335519678
COST,TSLA,-0.020839615036153978,0.38212196053660796,0.007053306681521699,0.5290919453583802
TSLA,COST,-0.043344900842573156,0.06898770897474697,-0.011680646810760444,0.15679024766987948
COST,FCX,-0.0377499459938699,0.11328738137276857,0.008258608306017096,0.2160140746514655
FCX,COST,-0.03236109874927208,0.17465378427343825,-0.005856760959337806,0.29326195120540005
COST,SHOP,-0.061139585779997035,0.021449597563190967,-0.04941759948465032,0.07660570558282487
SHOP,COST,-0.013563116055432773,0.6103395439329817,0.01948378606256572,0.7227705125522152
COST,APA,-0.003827926628054861,0.8724693604008206,-0.029567572809792147,0.9130493306520214
APA,COST,-0.041346346573845255,0.0828154006856011,-0.04532196751477486,0.1743415594333678
COST,ETSY,-0.0003608619594978815,0.9890875952217548,-0.015190839573671991,0.9935031648432805
ETSY,COST,-0.03817429025237947,0.147932032035244,0.026290488666888344,0.26481425523183344
COST,AMD,-0.006155041563102308,0.7963213409227646,0.02204633731181321,0.8697684548913691
AMD,COST,-0.01464103962744737,0.5392171797277153,-0.03812245676861281,0.6611654792301687
COST,TWLO,-0.03190422781472066,0.282003405601389,-0.029578896151298016,0.42023392420643413
TWLO,COST,-0.00978736041989858,0.7415402288962072,0.011433471840319329,0.8239335876624524
COST,SEDG,-0.05238409822285568,0.04588585885310691,0.0043591752893310815,0.12514325141756433
SEDG,COST,-0.02949818132375252,0.26130667874621494,-0.0340374687627205,0.40132425063411853
COST,W,-0.04777835620643958,0.058156549266715804,-0.022243721825540075,0.14393566930870882
W,COST,-0.05776372863000883,0.022002003305455008,-0.01931699158074012,0.07735079287074026
COST,ROKU,-0.029164919408637267,0.4042473879885845,-0.007374982089616281,0.5528294730491092
ROKU,COST,-0.031248095025846016,0.3717951852767278,0.004547197094274021,0.5195895446413898
COST,CVNA,-0.11355713089639813,0.0005359609116473751,0.031203547300028726,0.006890926006894823
CVNA,COST,-0.047217347738660584,0.15131043387737603,0.017879196813682083,0.26530710073713487
COST,PLUG,-0.035377154628883224,0.13781240533368935,-0.0033203850556227927,0.25312482612310294
PLUG,COST,0.03141216305411653,0.18764507119958218,-0.023107482650142563,0.31010373612063546
COST,ENPH,-0.0089451030637324,0.7075744272182574,-0.001658836621098464,0.8020365044035662
ENPH,COST,0.004005901745670976,0.8665942498964652,-0.0028343916200184054,0.9111388141434797
COST,RIOT,-0.04192947152774754,0.1469493887043248,-0.031956019614734724,0.26481425523183344
RIOT,COST,-0.01118295106424269,0.6991174391600662,-0.003761370270221912,0.7944516354091661
COST,MARA,-0.029195597399782523,0.2208712076334828,-0.015496933857882032,0.35120863404617403
MARA,COST,-0.016460107702068766,0.4901335594630191,0.004596750124432478,0.6270563733971971
KMB,TSLA,-0.037925036107659876,0.11162335950721795,0.0738560093775573,0.2137468586308429
TSLA,KMB,-0.05172526747948975,0.029967106265523506,-0.0322290621539914,0.09771882477888101
KMB,FCX,-0.05121958184070676,0.031612450654202214,-0.04534383620699866,0.10161144853136425
FCX,KMB,-0.04826975207111562,0.04283172004723148,-0.011879702980146976,0.11969160288494711
KMB,SHOP,-0.03846106306355773,0.1481697782477171,0.04539351129934642,0.26481425523183344
SHOP,KMB,-0.01688433252649894,0.5258273054253867,-0.015134747921131082,0.6536527277387404
KMB,APA,-0.07719910408946161,0.0011863448215304957,-0.016523491821250142,0.011121982701848396
APA,KMB,0.002692059868539163,0.9101175124800444,-0.0108646446572885,0.9350522388493606
KMB,ETSY,0.012491070696113587,0.6358958070516657,0.03787096387302315,0.7451903988886707
ETSY,KMB,0.002152696810235967,0.9349954509904778,-0.0020491897628599157,0.95407699080661
KMB,AMD,-0.04923997170549382,0.03881851019214714,0.05951277369923619,0.11417208880043275
AMD,KMB,-0.0029521931594078863,0.9014744745345331,0.013321359369106433,0.9325598012426205
KMB,TWLO,-0.0426592350512375,0.15021177521673693,0.036134293448121114,0.2650796033236534
TWLO,KMB,0.01037381099740635,0.7266557176101632,-0.0921439721556993,0.8126913504151855
KMB,SEDG,-0.029022573216867784,0.26891263717750064,0.017632125511820577,0.40744338966287974
SEDG,KMB,-0.004760995446732991,0.856161085512357,0.007957219065258798,0.9086615294352847
KMB,W,-0.048224424191108624,0.05584745536199458,0.013024976781864765,0.1403986307983104
W,KMB,-0.038931557624759965,0.12284698360556279,-0.0034937730018947274,0.23033809426043023
KMB,ROKU,-0.04877525431086003,0.16289202934338662,0.03574642578802624,0.2807295699455286
ROKU,KMB,-0.03342317601655327,0.3394177437978061,-0.04800389078545616,0.486426702894945
KMB,CVNA,-0.10759853014934638,0.0010404574072035665,0.006295435097586817,0.010404574072035664
CVNA,KMB,-0.01909096483121499,0.5619842448419221,0.010101059048412792,0.67799707822752
KMB,PLUG,-0.04187790237283099,0.0789351090062894,0.007204703416160194,0.17261896335519678
PLUG,KMB,0.005078324594781282,0.8313595340332779,-0.04440708997485282,0.8993071882571516
KMB,ENPH,-0.027985268243424795,0.24048420962598235,0.00266955911303466,0.37575657754059744
ENPH,KMB,-0.01450555773593309,0.5429786210213567,-0.040876450423715925,0.6621690500260449
KMB,RIOT,-0.007239974985217157,0.8023300779488985,0.007926071250079474,0.8742095280314875
RIOT,KMB,-0.028998147630183636,0.3161352521550551,0.020042965170524667,0.46188592035641174
KMB,MARA,-0.010806199539174267,0.6505223502558541,0.01812221362176161,0.7564213375068072
MARA,KMB,-0.03256064153147484,0.17213141728268935,0.011783289334006828,0.29119976607973763
XEL,TSLA,-0.05399007772197431,0.02346987660279827,0.03249110503283941,0.08106314046727987
TSLA,XEL,-0.05433915877230478,0.022585819468181594,-0.044811018813636354,0.07878774233086602
XEL,FCX,-0.09302578549552981,9.249994293665719e-05,-0.026662472291280572,0.002190788122183986
FCX,XEL,-0.04845803365558665,0.0420266035065835,0.02423396758406042,0.11894321747146273
XEL,SHOP,-0.0783803441128589,0.0031743757561652863,0.01634106414226687,0.02231982953553717
SHOP,XEL,-0.023386259840651506,0.37954201537734017,0.012457793104721126,0.5271416880240836
XEL,APA,-0.0436257929180866,0.06720568272215509,-0.050394919526442955,0.15669718769414398
APA,XEL,-0.04576170834209546,0.05485802651744265,0.025063358508253017,0.13868602209465838
XEL,ETSY,-0.0005227391072984363,0.9841929983134569,0.01762416959537565,0.992778927615587
ETSY,XEL,-0.010738281197562264,0.6841081252372172,-0.0016220936778809606,0.7813417674029131
XEL,AMD,-0.08921411120450948,0.00017780777502132277,0.03678523748349906,0.0038101666075997733
AMD,XEL,-0.043386312351480584,0.0687225751332945,0.00023852999224279056,0.15679024766987948
XEL,TWLO,-0.08278110547652258,0.00518167385273592,0.03549864060630956,0.030680963601725845
TWLO,XEL,-0.03820388158705025,0.1978039923638288,-0.047181003778853786,0.32134222586181577
XEL,SEDG,-0.06055735118348484,0.02097291855838666,0.04294721686021717,0.07550250681019197
SEDG,XEL,-0.04971886680220012,0.058213981809300014,-0.00838621057069294,0.14393566930870882
XEL,W,-0.05283419885767438,0.03614804345808423,0.01699464918119908,0.11065727589209458
W,XEL,-0.07632618388840554,0.0024599389085154903,-0.01520225762474561,0.01844954181386618
XEL,ROKU,-0.13331042635589493,0.00012881788163174142,0.023441592538787272,0.0028984023367141817
ROKU,XEL,-0.047655260451182326,0.1730408329184383,-0.005670103820155693,0.291641853233323
XEL,CVNA,-0.14282752805804017,1.28412874478551e-05,0.013276025043971013,0.0008255113359335421
CVNA,XEL,0.0005711128814460547,0.986160401431483,-0.03178447961874261,0.992778927615587
XEL,PLUG,-0.08405440721237625,0.0004139489968230064,-0.010757125079090915,0.006281647521906726
PLUG,XEL,-0.036498660051434366,0.1257540162461965,0.007826510914558797,0.2348104037792051
XEL,ENPH,-0.0562179817005831,0.01830760073991353,0.014104184812432991,0.07041384899966742
ENPH,XEL,-0.013096169031426198,0.582865113493678,-0.02563275545920522,0.6920562033566098
XEL,RIOT,-0.060187952094998776,0.037256012703623,0.013688866405679297,0.11185478542587182
RIOT,XEL,-0.04323807871136916,0.1348951762298351,0.0368487097886806,0.2487820873091221
XEL,MARA,-0.028757684805512607,0.22787733125032134,-0.003333717903987843,0.3585482484707853
MARA,XEL,-0.062157585416556686,0.009098606663000572,0.014850356769993132,0.04355715955691763
GIS,TSLA,-0.055261894415452574,0.02038686582040164,-0.018422205205043365,0.07458609446488405
TSLA,GIS,-0.046530186277735724,0.0509054118809742,-0.019784265616442562,0.1327881685229357
GIS,FCX,-0.06898457254536888,0.003776123608038655,-0.04692739390612082,0.024626893095904274
FCX,GIS,-0.03280148632716452,0.16885777084600534,0.016579332298486543,0.2867396108705751
GIS,SHOP,-0.047062087815964646,0.07677272177604604,-0.029752553861050565,0.17018583644936314
SHOP,GIS,-0.04711929579852813,0.07651867796075769,-0.0036297035643324147,0.17018583644936314
GIS,APA,-0.08074816441921269,0.0006946774206914195,-0.05598620832518978,0.00801550870028561
APA,GIS,-0.011138480869266268,0.6404277473272123,0.002349155129774672,0.7466126588011542
GIS,ETSY,0.000183685217961379,0.9944452618238785,0.020766088096480187,0.9944452618238785
ETSY,GIS,-0.019124065666563862,0.4686736792623232,-0.008543191262587185,0.6077900739713125
GIS,AMD,-0.006582889793850193,0.7825073523345141,0.0034635753502124046,0.860138228387876
AMD,GIS,-0.0033656930965967535,0.8877601598819169,-0.027422036639991074,0.920488645038854
GIS,TWLO,-0.034368168562565124,0.24647140194233605,-0.02255132672646568,0.3824556237036249
TWLO,GIS,-0.008146676662539624,0.7836814969756204,-0.028167721829684335,0.860138228387876
GIS,SEDG,-0.0510451010892975,0.051733718323577385,0.00829071676157303,0.1330295614034847
SEDG,GIS,-0.020166925194167237,0.4425588782720071,0.0036205015478769525,0.5823143135157988
GIS,W,-0.08346600396530451,0.0009213545527115116,-0.0324213194509163,0.009642082528376283
W,GIS,-0.07717954441940413,0.002197284294764322,-0.03937290279982869,0.018078528706255242
GIS,ROKU,0.012737875678733067,0.7156970167815635,-0.023505956947259245,0.8092051697278984
ROKU,GIS,-0.011316802992608975,0.7464059849313862,-0.05659259000739569,0.8272972739387285
GIS,CVNA,-0.11045783619436007,0.0007598321012226855,-0.03174210435816913,0.008548111138755211
CVNA,GIS,-0.059063848629629934,0.07257479572234238,-0.03526215906307663,0.16248088594554264
GIS,PLUG,-0.03366566565324818,0.1579051390903763,-0.0164064578567015,0.27329735611795897
PLUG,GIS,-0.013259315385945566,0.5781788262932186,-0.02358533922665377,0.6901338775383247
GIS,ENPH,-0.021900858142690716,0.3583513413499315,-0.015817897327318742,0.5045371732920001
ENPH,GIS,0.0023299761242508397,0.9221653899397629,-0.018001581205051662,0.9431236942565757
GIS,RIOT,-0.04338357576801795,0.1334235197772052,-0.02041253955630754,0.24708059218000963
RIOT,GIS,-0.010069893321511243,0.7278102538162661,0.004263466535452088,0.8126913504151855
GIS,MARA,-0.04050883723971988,0.0893321791975397,-0.019129717597098944,0.18355927232371172
MARA,GIS,-0.015335448976429243,0.5202637413670124,0.0013082756529596777,0.6485282094602648
AEP,TSLA,-0.015755647796903405,0.5087753425289993,0.018760530015688063,0.6413134569693267
TSLA,AEP,-0.03943371187749749,0.09807157367243596,-0.04504324526080264,0.19600992253013896
AEP,FCX,-0.07660663639524955,0.0012945402395737454,-0.01890846234871134,0.011888634853228275
FCX,AEP,-0.03523018881524104,0.13945645548348962,0.019757843886032623,0.2551032722258956
AEP,SHOP,-0.05470491675904062,0.0396353757038208,-0.008883030230682314,0.11581765627739844
SHOP,AEP,-0.0020329080439606094,0.9391197212357353,0.007731167242950755,0.9561173632490517
AEP,APA,-0.033046903796859865,0.16569099652911834,-0.022517877666287777,0.28293182662205857
APA,AEP,-0.01776840830322383,0.4561703637824182,0.021995102607247678,0.5967344875060703
AEP,ETSY,0.014766483556764892,0.5756855897999003,0.0004658463253110811,0.6889854133243487
ETSY,AEP,0.03472773892507332,0.1881198918810746,-0.010531284067209499,0.31010373612063546
AEP,AMD,-0.046738963347828504,0.04987370996283185,0.046353592424352476,0.1327881685229357
AMD,AEP,-0.03939050357492395,0.09844053887069201,-0.012721690753980908,0.19600992253013896
AEP,TWLO,-0.06348338845319904,0.032168203117939595,0.018258661029035214,0.10194148875403393
TWLO,AEP,-0.004287469101665404,0.8851243755639971,-0.043405491727082655,0.9198752170988423
AEP,SEDG,-0.015727537678883078,0.5491548093955053,0.03387679953012378,0.6678909843999389
SEDG,AEP,-0.028616646552502262,0.2758344155327788,0.00609723331331548,0.41375162329916826
AEP,W,-0.05251621467294228,0.03728492847529061,0.023218412918498757,0.11185478542587182
W,AEP,-0.020013509587898142,0.4278052322700964,-0.008328806558610072,0.5712532775119982
AEP,ROKU,-0.10136122446067865,0.0036654689602964433,0.005217494745755022,0.02444897585818372
ROKU,AEP,-0.04082553249913669,0.24318840180984083,-0.013776064894441584,0.3786670616416207
AEP,CVNA,-0.15021612022186778,4.410992763970533e-06,0.010690983043209413,0.0003969893487573479
CVNA,AEP,0.04162043586609502,0.20598875291941188,-0.031044650540784195,0.32987522709514355
AEP,PLUG,-0.05750782633334595,0.015797615762523733,0.0037687138790628793,0.06382089903061136
PLUG,AEP,-0.03806480833807219,0.1103088722119359,-0.0024876806744527848,0.21304288624622814
AEP,ENPH,-0.026637595171150323,0.2638952414919111,0.0098406766483525,0.4039212879978232
ENPH,AEP,0.003928940727784733,0.8691339148077686,-0.018188570936111207,0.9116789316165405
AEP,RIOT,-0.058864749808036625,0.041642584401802074,0.02863361616967512,0.11894321747146273
RIOT,AEP,-0.027177309694933833,0.3474929666759718,0.027463067523329138,0.4932865457545341
AEP,MARA,-0.013545190032965296,0.5701198921748394,0.01740632956170422,0.6859731322959297
MARA,AEP,-0.061326185935813654,0.010071279745544708,0.006020358363249965,0.046245672300970604
WMT,TSLA,-0.05327544025177805,0.025373704515996243,0.026207841730035777,0.08585087994134066
TSLA,WMT,-0.05361792962671558,0.02444524793413635,0.027323791429793607,0.08333607250273756
WMT,FCX,-0.026184080202381284,0.2721154641569507,-0.015219186136256438,0.41091261365982484
FCX,WMT,-0.08252545997456959,0.0005271326852735973,0.015695623837431085,0.006890926006894823
WMT,SHOP,-0.07493367007657409,0.004799134534792504,-0.013782986035277497,0.028794807208755022
SHOP,WMT,-0.06991797919907655,0.00853765723542735,0.020991542938477353,0.04221918413123415
WMT,APA,-0.014553868933916737,0.5416358399210245,-0.011902308480385343,0.6621690500260449
APA,WMT,-0.0976816136516999,4.0248313186335106e-05,-0.01214832659155064,0.0014473929465404045
WMT,ETSY,-0.019440102062504214,0.4611998262061682,0.005264345349276398,0.5998263635629355
ETSY,WMT,-0.06766199787919966,0.010272501360452373,0.039851804592836465,0.04669318800205624
WMT,AMD,-0.05738322244212335,0.016026136867686853,0.02367942313095736,0.06382089903061136
AMD,WMT,-0.047835350757591884,0.044739096738025674,-0.018870715133046893,0.12351284375528561
WMT,TWLO,-0.07535569340823622,0.010958787426254585,-0.004255679571117005,0.048826280612025375
TWLO,WMT,-0.05429001059900157,0.06713478092446011,0.01578072481998792,0.15669718769414398
WMT,SEDG,-0.03171759195994902,0.22693874642517448,0.016483663998904,0.3585482484707853
SEDG,WMT,-0.03711309685142611,0.15751818416620758,-0.02510870355513464,0.27329735611795897
WMT,W,-0.057794323779331726,0.02188958744016333,-0.015702148898307833,0.07735079287074026
W,WMT,-0.12936699953140132,2.650202797723348e-07,-0.0040652828604419555,2.9814781474387662e-05
WMT,ROKU,-0.0642532097019664,0.06591139841613655,-0.038026045222810556,0.1561059436171655
ROKU,WMT,-0.03343878032573145,0.3391921851372116,0.004459410144060635,0.486426702894945
WMT,CVNA,-0.09307292542903899,0.004588863705057235,0.0023102453201377946,0.027905252260483186
CVNA,WMT,-0.10890672405179606,0.0009077411330956756,0.018731337206509744,0.009642082528376283
WMT,PLUG,-0.06479194908479202,0.006530671317152983,0.0056654342211155785,0.03720002649011193
PLUG,WMT,-0.004964233962894181,0.8350932491109422,-0.019736787914660207,0.9011797652276354
WMT,ENPH,-0.031273657327652145,0.18959936916640005,0.0003778005630181849,0.31138582527328473
ENPH,WMT,-0.043427360662497305,0.0684605928854445,-0.01346072824942462,0.15679024766987948
WMT,RIOT,-0.019940109495637414,0.49049742985736305,-0.014558345268752493,0.6270563733971971
RIOT,WMT,-0.03706693701312123,0.2000072688443927,-0.023786454399690925,0.32363481703117986
WMT,MARA,-0.021505854262954614,0.36722449194026735,-0.006233243247865185,0.5148006896358888
MARA,WMT,-0.03466445275783127,0.14604085306642706,0.015736647681557216,0.26481425523183344
